,0
0,"    
  
  
  

GREEN FIELD
5305 E PACIFIC COAST HWY
Long Beach, CA 90804
(S62) 597-0906

Server: Francis Station: 4
Order #: 69923 Dine In
Table: B11 Guests: 2
1 Coffee 3.00
2 Lunch 45.90
1 Coke 3.00
SUB TOTAL: 51.90
Tax 1:

TOTAL: $56.58

5/26/2016 12:53:10 PM

INAH

THANK YOU!

 
"
1," 
"
2,"  

1200 Bel) pirag
1230 Pep idler,
wat

        

9/1/2016
Order 378752

 
 
    
   
      
  

Cashier: Dain’ f""
1 Power Veg Bow) 4.9
No Sour Crean 1.00
(0 Cheese 0.00
1 Ra oven Crsh Fz 1.99
SubTotal 6.98
Tax

 
 
  

Total 161

ol
Visa
Ace t = KXKKKKKK2076

  
  

Approval :571889

 
  
 

  

DRIVE THRY

Thank you fo

 

or visiting!

 
    

 
   

he

et

Ff fey

     

S$. | stove NO Am

 
"
3," 
"
4,"SOLDEN BOWL TERI

L -RIYAK I

a 8510 GARFIELD AVE.

SOUTH GATE, CA. 90280
TEL: (832) g28-s999

REG 0&-18-2019 11:19 AM
Manager1 MC #01 000141

ORDER#t ooOo0141

1 #1 CHKN PLATE $8.39
1 + AVOCADO $1.95
1 MD. DRINK $2.29
*KHERE:

TAX Bn
TOTAL. $15.03
ona $20. 00
CG 7S

 
"
5,"San Diego CA
(858) 488-

40.00
(2)BMOD Up
16

34.00
5.00

167.00
12,94

179.94

Balance Due 179.94

SUGGESTED TIP
BEFORE DISCOUNTS
18% =$30,06
20% =$33.40

22% =$36.74

 
"
6,"Akira

 

   
  

Philly Re

L_ Saimon R

 
"
7,"——
Katana Sushi
2816 Hewitt Ave
Everett, WA 96201
425-512-9361
HWA TM HM

Server: Michael C
05/11/18 68:47 PH

Check #93 Table D2
Hamachi Collar $12.00
Mega Poke Bowl $17.00
Hamachi - Sashimi $12.00
Maguro - Sashimi $11.00
Salmon - Sashimi $10.00
3 Sockeye Salmon - Sashimi
$36.00
Hamachi Japapeno $12.00
Salmon Collar $10.00
Escolar - Sashimi $11.00
Subtotal $131.00
Tax one Tl
Total $143.71

FRR RK KK I56%y

Thank You for your visit.
"
8,"Dona Mercedes Restaurant
1030 1/2 San Fernando Rd
San Fernando CA 91341

Vero
CENTERL

1 CHicharon $225
3 Pupusa Queso $6.75
1 Platanos Orden $7.75
1 Diet coke $1.50
2 Quesadilla salvadorena $4.00

SUBTOTAL: $22.25
TAX: $2.22

TIP SUGGESTIONS
18%: $4.40
20%: $4.89
25%: $6.12

Thank You!

 
"
9,"  

so bok fort: a

 

94:28 PN

Steak Tip Skevers
Fatty torsonzola

 

Table 21

2.99

  
"
10," 

Friendly Red’s
of Windham

22 Haverhill Rd
Windham NH
603-437-7251

Server: Giancarlo
104/1

Guests: 2

Reprint #: 1

Cadillac Margarita (2 @14.00)
Patron Silver

Maryland Crab Cakes

Chicken Caprese

Chix Parm Sandwich

Bud Light (2 @3. 70)

Subtotal
Tax

Total
Balance Due

Join us on
Facebook &

5 te

07/21/2018
12:56 PM
10076

28. 00
14.00
12.00
10. 00

7.40

71.40
6.43

77.83
ooo
"
11,"Ww D
Pulled Pork Sand

*Reg
Creamed Corn{Small]
Longhorn Mac & Cheese[sm]
Chocolate Cake[Slice]
Fountain Soda

Subtotal
CA Sales Tax

Total
Wells Fargo

Change
Thank You for Visiting

Please visit our website
www. smokecitymarket.com

Enjoy our BBQ? 'Like' us on
facebook and Yelp
Please rate us on Zagat
WW Zagat com/r/smoke-city-market-van-nuy

 
"
12,"#14

HP Pho Ga
8930 Mission Dr. #102
pp ooee 91770
Phone (626)268-9999

 
     

bate: Apr 01, 2019 Time; 05:

Server: Admin

Bill; 59980 Table : 14

1 Pho Ga (Small) 8.00

1 Pho Ga (Large) 9.00

1 Gor Cuon 5.25
“Subtotal 22.25
TAX 211
Total 24.36
8. Service Gharge- 40% 8.90

Total $33 26

Suggested Tip : 15% (3,65)

18% (4.38)

20% (4.87)
Open Time : Apr 01, 2019 04:39PM
Printed By : Admin

Thank you for Coming !
"
13,"ALBETOS
MEXICAN FOOD
11732 ARTESIA BLVD.

ARTESIA,CA.
Ph: (562) 860-2530
PHONE ORDERS WELCOME

ORDER # 01029

3 ASADA TACO
ATM CHARGE
SUBTOTAL $
TAX TOTAL $
TOTAL $
ATM $

RECALL  :696
"
14,"aig Blvd
15700 Be ower
Bellflower, CA 9070

Nathalie

2 Enchi Omelete
SHREDDED BEEF

1 Open Food
SHREDDED BEEG

1 Open Food

1 Hashbrowns Side
Hashbrowns Side
ae 2

 
"
15,"sac Springs, Georgia
30328

Ni 110-395-9592

Nice —foflant 5

ThT: 40 f :155091
Chk :202524

Shannon i) 3/10/2017 6:23 pm

Coke
Shrimp Entree
Mac n Cheese
French Fries
BBQ & Blue Chz chips
Discount :BBQ & Blue Chz
Sprite
Lobster Roll

SubTotal
State Tax

Total
Total Due :
1/2 Priced Pialors 2 te Half Shel A
m

 
"
16,"Chef Wang
1902 Jericho Tumpike
New Hyde Park NY 11040
Tel: 516 354.2858 Fax 516.776.0587

[ AS ]

# 1022

erver: 02/02/19
Person 02:14 PM - 03:

$5.25

$9.95

$8.75

Little Juicy Pork Buns
Beef w Bak Choy (LL)
Hunan Beef (1)

SubTotal
Sales Tax

Total $35.52

Thank You
Have A Nice Day

 
"
17,"UMIX

  
  
 

4327 N. Expressway 77/83
956-350-8686

Brownsville, TX 78521
966-543-5089
Ticket oe User : KRIST
Station Sales Rep KRIST
araO16 6:30:31 PM
Item Qty ice Total
Description
100027 1 625 5.25
PARIS
100026 1 4.95 4.95
LE CLASSIQUE
Subtotal 10. 20
Tax 0.84

Total 11.04

 
"
18,"at 12:49 PM

a |
~0 ""gy GUEST NUMBER 1S
2

   

IN-N-OUT BURGER SANTA CLARA
12:48 PM

2012-04-27
176 1 262 1110

Cashier: KEVIN DU
Check : 12

screenees A
HAMB >-00
W GRX LX TM Inst pro i

Counter-—Take Out
TAX 8.25% 27-09
Amount Due eile

Cash Tender
Change $3.00
THANK you, $.83

2012-04-27 lity i
°49 PM
"
19,"“Ut Pizeria & Tavern

  
  
 

 

5/12/2017 7:4

» Tidet #: 128 «
8:12 PH

    

THANK
"
20," 
   
    
   
    
  
 
  

__ Deccan Spice
771 Newark Avenue
Jersey City Local, NJ 07306
(201) 604-1772

Server: Com Station: 6
Order #: 80110 ar D e
Table: 2. ee

 

1 Dal Fry. -
1 Paneer Butter Masala 12.88

in Special Biryani

  

SUB TOTAL:
Tax 1:

18% TIPS:

TOTAL:

  

7/26/2019 10:56:49 PM
Jeb RE EDO OEE ERE
No returns or cancellations accepted once order
is placed. Exchange only for faulty items ONLY.

FEED ERE EEO ESSE SEE PEE

wut

 

 

 

 

 

 

 

 

 
"
21," 

HAWWI ETHIOPIAN RESTAU
1125 QUEEN ST
ALEXANDRIA, VA 22314 s
7037179740

et ORDER: Table 2
mine Dine In
Cashier: Mosa Tipe
13-Jul-2018 8:53:47P :
Transaction 000016
Guest 1
1 26.Fish Goulash
7 30.Dullet $
1 34, Vegetarian Dish ba

Subtotal

    
   
    
"
22,"Moonstar Restaurant

“TOTAL:

WM

40/29/2018 1

 

es 5
"
23,"Thai

GUST@

Thai Gusto Restaurant
2011 Hewitt Ave
Everett WA 98201
Tel. 425-252-3525 Fax. 425-252-3525

Welcome to Thai Gusto

Table 4
Date: 6/16/2017 12:36 PM
Server: PRACH (7.1)
Chang (2@$3.50) $7.00
$10.24

#L14 Garlic Delight
[Chicken] [5*****] [Smal] Brown Rice]
$10

#128 Red Curry

[Chicken] [5***+*] [Smal] Brown Rice]
Total 4 item(s)
Sales Tax

Grand Total $30.15

 

 

Tip Guide
758=$4.52, 18%=85.43, 20%=$6.03

Thank you very much.
Come back again.

- GUEST CHECK -
This is not a receipt.

 
"
24,"New Asia Buffet
14727.5 Rinaldi St.
San Fernando, CA 91340
Tel; (818)898-0880

WeekEnd Dinner
Date: ov-15-08-N Tine 7M # 84

Server ; 2
Tb#: D4
No. of Guest

2 Weeken Dinner
_2 Coke

AMOUNT ; 31.12
TAX(Sk) : 2.80

TOTAL : 33.92

(20%): 6.78
THANK YOU VERY MUCH,

 
"
25," 

McDonald’: 4e3-avract #3100
1617 N ESSTSA\ AVEN.2

  
 

LOS ANGEL! § }»| 954
TEP ed a4 fall

K3# 2 ee 7/20] 9 03:08 PM
Sidel Order 97
1 Dbl Qtr Cheesi 5. 9g

Special Requia: i
ADD \eaf Lettics 0.25
ADD Mac Sauce 0.40
Subtotal 6.64
Tax 0.63
Take-Out Total teal
Cashle3s eet
Change 0.00

MER# 439206
CARD T3SUER
BOW DEBIT CARD /\.W. a
TRANSACTION AMI) ti! 1.27
CHIP READ

AUTHORIZATION Dif = Ais 34

SEQ# 039988
AID: AQOOO000C4;

 

 

WcDonald'’s now avai alt 3 Or JberEATS

 
"
26," 
"
27,"MATIO, MAWAII
Longboards
92-161 Haipahe Place
Kapolei, HI 96707
(808) 679-4700

Server: Elijah J 01/11/2019
Check: 24016 12:46 PM
Table: 44/0 Dine In
Item Price
Green Salad 8,00
Ranch
Wagyu Cheeseburger 19.00
Medium Wel]
Garlic Fries 2.00
ADD RAW ONIONS& BACON PLZ
Drink of the Day 9,75
Tea 4.00
Subtotal $42.75
Shana Discount Breakfast -3,30
HI HNLKO 4.712% GET 1.86
Total $41.31

Gratuity MBB 3,00

Total Ese

  
"
28,"S|

 
 
   
     
  
   

  

LAS BURGERS w15
ee ierraten Ble
veritter, Cant sats
(682) 625-7484

 

 

 

eck 20018
2/0/18

 

 
   
 
 
  
 

249
Raspberry Toe Te
Weurger (174) 5.98
 secane bun «
“REGULARS
trad bacones 1.99
1 add avocado 8
3100
248

 

+ Nemonade ¢
SERV CHARGE 24)

 
  

Sb/ttl
Tax 27
*DRV THRU 34.21

  
 
 

Cash
"
29,"RINCON MEXICANO
99 BROADWAY

SOMERVILLE, MA 02145
6179661387

ORDER: 45
Dine In

Cashier: LORENZO REYES
09-May-2017 7:19:46P

Arroz
Taco De Pescado
Taco Tuesday Pollo
Taco D Carne Asada

2

2

2

1

1 Taco D Chorizo
1

1

1

1

1

Taco Tuesday Pastor

Horchata
Taco Tuesday Pollo

Taco D Cochinita
Taco D Carnitas

Subtotal
Tax

Total
Order 7JTOG77X6ANR8

 
"
30," 

1 Glass House Wine
1 Jumbo Coctal? Shriep
1 Escargot Bourgutgone 10
1 Veal Zingarta B.
1 duckTing ala Arancio B:

18 TOTAL: B
Tox 12 753

TOTAL:

BR

1«

:05 PM

 

>> Ticket
12/8/2017 4:

tetas
you for dini '
Fok yu for dng at Ve at

 

 

 

 
"
31,"Ape pe cbcsobagscba ob baicbii aber rae
laurel Tavern Hermosa Beach
0 Hermosa Benet
Hert 5a Beach, CA 90254
tel),
OW/12/19 1:23 PM
Waiter 80 Sophie
Table 501 Cust 1
Order 1388
JERE RE H SSS oa a aa oA

1 BTL BEER 5.00
1 BRUSSELS SPROUTS 8.00

CANTONESE TENDERS 11.00
1 GRILLED CHEESE 12.00
1 $ ADD GARLIC FRIES 4.50

Taxable: 40.50

Sub-total: 40.50
Taxes: 3.85

Total Due: 44.35

THANK YOU!!!
ALWAYS DRIVE SAFELY

Please visit our website:
www, laureltavern com
NSTAGRAM; @laurel tavern

 
"
32,"WINGS & THINGS
1717 DUTCH BRDY ELMONT, NY 11003
THANKS CALL AGAIN 516-341-7075

#168 , OUT
T’MAC&CHZ - SMXLL 1.19
1 COLL GRN - SMALL 1.19
1 CORN BREAD .62
“TS WINGS 5.75
SPCY FRY
TXTL 15
TOTL 39.50
CASH 3.50
CHNG

THANK YOU COME AGAIN
1

PH #
0168 20:14 #04 MAR.19'17 REGOOOT

 
"
33,"   
  
  
  
 
 
   
 
  
  
    

8030 Renaissance Parkway
Durham, NC 27713
(984) 329-2900

  
 

server: ANASTASHIA 05/18/2019
Table 57/1 12:25 PM
Guests: 2 g0001
Taco Salad 15.49
Ground Beef
Add Chicken Fajita 8.99
Pechuga de Pollo 18.99
ude 43.47
3.26
Total

46.73

Balance Due
"
34,"i
lacfource

 
"
35," 

ea a RE

a
> Please Pay at Cashier
1084 Yonkers Avenue Yonkers, NY 10704
(914) 237-5055
Copy of Receipt

1 Coffee $1.45

1 Tea $1.45

1 Waffle $5.50

1 Old Fashion French Toast $4.50
1 Side Home Fries $2.95
1 Banana $2.95
1 Whipped Cream $2.50
1 W/ 2 EGGS $2.95

Michael De Maio
AUGUST 13, 2017 3

E's serra

itz) a Ce) Comment

 
"
36,"PAPPADEAU XK

SEAFOOD KITCHEN

4 Copeland F ;
(817) 543-0544
www .Pappadeaux .com

0035 Table 72 #Party 3
SARAH H SvrCk; 2 12:11 11/18/17
DINE IN

1 Lump Crab & Spinach Dip 15.99
1 Cajun Combo 18.95
1 Lunch Shrimp & Andoui le ido

Sub Total: 48.85

Tax: ool

Sub Total: 52.76

11/18 12:45 TOTAL: 52). 76

Thank you for dining at Pappadeaux .
Tip Not Included

15% Heo

18% 9.50

20% 10.55

e-Gift Card Payment (19 Digits)

———

Present e-Gift Card for validation.

 
"
37,"Store #1291
Panda Exoress

Everett, WA
(425)710-0278

     

3/16/2013

3:41:24 PM
Order: 177437 Server: Tameka J
1 PARTY PK 18-22 139.00
CHOW MEIN
FRIED RICE
FRIED/C MEIN
ORANGE CKN.
GRILL TERIYAKI CKN
PEPPERCORN SHRIMP 12.00
SubTotal 151.00
TAX 13.89
Total 164.89
Cash 200.00
Change Sul

JIC OOO IOI IOI III OOOO I III II
FOCI CIO IOI III II I IOI IIR IK, :

FREE ENTREE ITEM!
HE VALUE YOUR OPINION!

Call 1-888-51-PANDA(72632) or
Visit pandaexpress.com/guest

 

x
x
*
*
x
*

a eH * DE OE
"
38,"Micros Demo System
Aelcone to Yogurt land
12502 North Kendall Drive
igmi, FL 33186
(305) 279-3478
Date: Sep07'18 09:28PM
Card Type; VISA
Acct #: XXXXXXXXXXXXIBHZ
Card Entry: SWIPED
Trans Type. PURCHASE

Trans Key; 1110080071933:
Auth Toda: 071410

Checl:: 1082

Server: 1041 melanie

oe
Tota 17.800

NO SIGNATURE REQUIRED
FOR PURCHASES UNDER $20. 00%*

 
"
39,"00'0$
GO'EL$

SO’ els
16° 0%
00"" 0$
80°21

OL 0$

aBueyo
31249

[e101

xe]
$juno9s!q.
[P40] gng

aos a4 BqUPS §

ally Ueet9 9
y9 ueoL Jay -

uyg a4 BIUBS Z

/ OOLE# NAYLeALIG

wa 2picy?l 9102/61/21
a] St J8pig | J8]S16ay
WO ‘SW¥O ULV
JAY NOSIOWH SOL8
SlbE-296 (916)
GLEOOL| UP S, 1H¥O

 
"
40,"THAI
SUKHCT!

  
  
    
  

SUKHOTHALSUSH! * ASIAN

FUSION
11786 SW 147 AVE UNIT 36
MIAMI FL 33196
7805//4888

http://www.sukhothaius.com

+s+*Order online www.sukhothaius.com*++*

ORDER: 0003
DINE-IN

Cashier: Sergio
19-Apr-2019 2:02:26P

pionsecliog 211209

Chicken Fried Rice And Egg $7.99
Lunch
California Tropic And Miso $7.99
Lunch
Add Two Tostones $1.00
Sprite $2.50
Perrier Sparkling Water $3.50
Subtotal $22.98
Tax $1.61
Service fees on tables. $3.45
Restaurant (15.0%)
Total $28.04

 

CREDIT CARD AUTH $28.04
"
41,"i
lacfource

 
"
42,"TRVIEW, NJ 07022
panne : (201) 840-842

Check :832869 Guests: 1
pate:02/11/19 Time:07:46pm

Table:23 Server :DANIELA
AA A
1 Guaca Chicharron $13.99
2 EMPANADA $3.00
1 PARGO FRITO $19.95
Ensalada
Aguacate
No Cebolla
No Cebolla Roja
1 MAR Y CHICKEN $17.00
Tostones
Tostones
€& TOGO 2 »»»DyDd»»DDDDD22)YDDDIPVDNMWDMY
1 SALMON A LA PLANCHA $16.00
Ensalada
Ensalada
aN a aa
Subtotal: $69.90
Void: -$17.95
Tax:: $3.44
Sbt] w/Tax: $73.34

Amt Due: $55 .39

 
"
43,"Bk sou. Fooo &
11318 YONKERS
YONKERS, NY >#

914-237-6083

June 23, 2019 at 2:33 PM

ORDER # 1019

 
"
44,"‘couRoH's KEN A4TIT

7635 WINNETKA L

CANOGA PARK CA 618 876.0490
7456 ami i |

   

 

 

00
6
IW {1

P19 peoio02
"
45,"   

   

y
Uw's RESTAURANT

Walk_in
347

pial: 20.78
tal 0.00
Tax: 1.25

 

 

PAID Cash

Thank You

—
"
46,"Araxi Burger Aventura
17861 BISCAYNE BLVD
Aventura, FL 33160
Server: Valerie P 03/17/19 5:3
Check #33

2 Vanilla Bean

Classic Burger 4oz
Route 66 Burger 80z

10% (10.00%)

Subtotal
Service Charge (18.00%)

Powered by Toast

 
"
47,"— ae

Kitchen & Pati

  
  
   
  

n
7390 Tavertave! n.com
ve

mass
cam 7 -968-880°

en 09/ 4 4
m
3 @16.00) 4
fark .
(3 69.50) 2
L
Subtotal

79,50
5.57

   
   
    

Tax
Total

Balance Due
"
48,"EXCELLENCE SERV!
Daily Gril
2501 Colorado Ave
Santa Monica, CA 90404

Server: Dana 11/01/2018
Table 54/1 7:30 PM

Guests: 2
#20027

Coke

Short Rib

Diet Coke

Crispy Naked Wings

Rib Eye Steak
Broccoli

Become a fan or write a review.
Find us on Facebook, Twitter & Yelp.

Subtotal 82.95
Tax 8.50
Total 91.45

Balance Due 91.45

Sign up @ DailyGrill.com
to Receive Exclusive
Offers & Promotions.

 
"
49,"KICKIN KAJUN KAPOLEI
Ka Makana Ali‘i
91-5431 Kapolei Parkway, Suite 426
Kapolei, HI 96707
(808) 628-4771

Date: 7/18/19, 5:47 PM

Margarita $6.00
+$4.00

Strawberry Daiquiri $6.00
Add Vodca +$4.00
Snow Combo $54.00
Kickin Sauce +$0.00
Mild +$0.00

Subtotal $74.00
Total Tax: $3.49

Total: $77.49

Receipt Total: $38.75

 

Suggested Gratuity
"
50,"   

, BAR
port?

   

HOLLYWOOD CAFE «&
AM Dining &""

     
 
 

ate: 09/08/2017 Time: 12:45'41

 
 

st
CHEESE STEAK
+AMERICAN CHS 0.75
+FRD ONION 10.49
Chix Cheesesteak :

    
   
  

SUB-TOTAL 2.22
Food Tax 1.74
Liquor Tax — 0.00
Other Taxes 0.00

Total Tax 1.14

OTAL 26.96

THANK YOU!
"
51,"   

 

POOR’S

    
   
   
   
   

GENERAL
TAVERN
45 MAIN STREET
HACKENSACK, NJ 07601
(201)487-5882

       
  
    
   
     
 
 
 

Check#:555149 Guests: 0
Date :04/10/16 Time: 12:30pm
Table: Server : VERONIQUE

  

‘SANA AIRES
40 BONELESS WINGS SPEC

 
  

ba EEN TY EME IR OSE IS
Subtotal: RD $10.00
Tax:: $0.70

Sbt] | wilex:

  
   
   
   

__ THANK YOU
CHOOSING
GENERAL POOR’S! 1

TIM

,
"
52,"aa. eae

 

285-41 Jericho Turnpike
Floral Park, NY 11001
Tel: 718,343-4816
ww snancysrestaurant .net

08 Tom

 

 

 
 

Guests: 2
09/24/2016 08
DINE IN
1 gl Ip White 1.18
Blue Hoon Tap 8.00
Mozzare} lakTonato 9.95
Pork Quesadilla 9.95
1 Fren Onion Soup 5.95
1 Pork Chop 21,95
1 Hanger Sizzle 24.95
SUBTOTAL 86.50
Tax

7.68
TOTAL DUE $94.18
"
53,"Primo

Family Restaurant

 
"
54,"BIG Jo's
1955 BROADWAY Jan 25, 2018
SANTA MONICA, CA 90404 11:47 AM

(310) 828-3191

www.bigjosburgers.com
————
Cash

Ticket: Shirley
Receipt QIxi

PICKUP Si mention
HB $4.00

Regular Price
$5.00

French Fries x 2

($2.50 each)
Turkey Burger $8.85

Combo
$8.35

HB
Combo, Grilled Onion ($0.75)

CBx2 $15.70
($7.85 each)

Combo

cB $5.00
Regular Price, Grilled Onion ($0.75)

Chill Fries $4.35

Subtotal $51.25
Sales Tax $5.25

 

Total $56.50
Cash $60.00
Change $3.50
"
55,"   

PTER

\

WINGS & THINGS
519 FULTON AVE. HEMPSTEAD NY
THANKS CALL AGAIN 516-483-0936

  
      
     
  

    

50P°_ #195 IN
400P! 1 #7 2PC R8B MEAL 5.99
200° ICED TEA
SUB CORNBREAD
50p! 1 #3 SWING MEAL 6.99
30P SIERRA
40¢ 1 SUB FIXN
MAC8CHZ

1 #3 SWING MEAL 6.99

ICED TEA
1 SUB FIXN
1 SP RICE
| 1 #3°SWING MEAL
| ICED TEA me
1 SUB FIXN

MAC&CHZ
1 COLL GRN = SMALL

 
    
    
   
   
   
   
   
   
   
   
   
   
   
     
   
     
  

ioe 1.19
TXTL a
2.43
TOTL
cs; 90.58

    
 

CuNe 40.00

 
"
56,"ZOCA RESTAURANT

@ GARFIELD PARKWAY.
j EACH, DE 19930

BETHANY B
302) 616-2120
WWW.ZOCA. RESTAURANT

Check #: 5033 ee
Server: Madi > an
Table: 31/2 Guests:

1 House Recipe
2 Sandia Margarita (@13.00/ea)

1 Totem Honey Bee

1 Queso Fresco Guacamole

1 Queso Fundido Mexi Street Corn Dip
1 Salsa De Molcajet

2 Taquitos Carne Asada (@15.00/ea)

1 Taquitos Baja California Shrimp

1 Mole Enchilada

1 Quesadilla Chicken

Sub-total

COMPLIMENTARY

ITEM COMPS:
1 Queso Fundido Mexican Street Corn Dip
12.00

 

Sub-tota]
"
57,"  

CAFE PARISIEN LARCHMONT LLC
242. N LARCHMONT BLVD
LOS ANGELES, CA 90004

(310) 815-8222

 

   
  
    

Dine In

Server: Kimberly L. Jan 24,2019

Receipt: YWGS 40:29 AM
Table: 36

Item(s)

CROISSANT AUX RAISINS $4.00

Cappucino $475

Subtotal $8.75

Sales Tax (9.5%) $0.83

Total $9.58

 

Customer Copy

 
"
58,"Tr
MiLAN ai
Clover | R.

4) Md,_ of 01
2

ORE G

 
"
59,"LANDFALL RESTAURANT
APRIL TO DECEMBER

0084 Table 31 #Party 3

DWYER M SvrCk: 13 11:47a 06/10/17
Separate checks: 6-of-6

1 CUP CHOWDER 6.00

Sub Total:

Tax

GRAT 18
06/10 1:399TOTAL :

0.40
15
“.55

LUNCH @& DINNER
WE TAKE RESERVATIONS
EST 1946

508-548-1758

 
"
60,"1660 India Street

Server: Jake
Table 24/1
Guests: 2

 

Balance Due

12/17/2017
6:29 PM
20018

12.00
11.00
27.95
23.75

74.70
6.00

2.80
83.50

83.50

*3.75% SC - In support
of the increases to min wage
o find out why, visit

wwW.wnlhosp.com/rttd
"
61,"Chili's Grill & Bar
Puente Hills #25
17588 Castleton 3t

City of Indust 31748

Server: Jose S
33/1
Guests:

TRIPLE DIPPER
CHICKEN WAFFLES4

Suototal

Total Tax

Total

 
"
62,"    

   
   

 

    
 

PREM WHITE 10.
PREN RED 10.
bier Soa 3.
Gone RIFIENE 9-
SCAMPI MILANZS-
LING YONG 22.
172 PASTA SP16_
OTer soa ae
2 op 3:

    
    
   
   
   
   
   
   
    
   
 
 
  

sustor
Tax
yoTaL

 
"
63,"FFimo yy

Family Restaurant

  
"
64,"porS-08-10 3:04 PM

0 L1 12
YOUR GUEST NUMBER IS
25

IN-N-QUT BURGER ESCONDIDO q

2013-08-10 02 PM
247 2 480 2152
Cashier: ADAM EL
Gheck : 25
Counter-Eat In
0b1Db) 3,30
WO KM
3X3 4.35
> GS only
FF 1.60
FF Animal 3,50
lg Coke VT
Ned Coke 1,50
#& © Shk Zod

Counter-Eat In 18.00
TAX 8.00% on

Amount Due $1 44
"
65,"Taco Maria
3313 Hyland Ave. Ste C21
Costa Mesa, CA 92626
714 538 8444
wow, tacomar ia .¢

Order# 118888

Server: Jesa R

Table: Bar 7

Date: 1/23/18, 12: A

Pescado
Arrachera solo

Subtotal:
Total Tax:

Order Balance due:

Suggested Gratuity
% Tip Total
18.00% of sale: $7.65 = $53.44
20.00% of sale: $8.50 = $54.29
22.00% of sale: $9.35 = $55.14

 
"
66,"RISTORANTE
BELLAGIO (CO)
TELEFONO 031/951888

 

 

TAV. 9  COPERTI 4
SALA UNICA
14/07/2019 16:23

4 COPERTO 12.00
2 ACQUA NAT 8.00
1 SALMERINO PIASTRA 18.00
1 TRENETTE AL PESTO 13.00
1 SPAGHETTI POM. BASILICO 10.00
1 FETTUCCINE RAGU’ 15.00

4 PATATINE-FRITTE

TOTALE

MANCIA/TIP

tees OL

Prego ritirare j
documento fiscale
alla cassa

   
   
  

6.90

82.0
"
67,"Anjappar Unettinad Artesta

18128 Pioneer Blyd
Artesia, Ca 90701
(562) 991-1801
www. anjapparla,com
Anjappar - Artesia

  
 

Order #004-864 Ticket #35

Dine In Table it

Seat:

Server: Deepthi Rk Beytee #1

Seat #1

1 Ghee Dosa 7.95
Kid is waiting

1 Anjappar Mutton Meals 14.95
1 Kaldosa 6.95
1 Plain Dosa 6.95
36 80
Sub Total 3.50.

 

Tax 15> wt
"
68," 

Cafe Eugene

1978 Solano Avenue
Albany CA 94706
510-647-9999

nia feetioene com

Table: Table 10
8

Date: 4/10)

    
  
 
 

   

Pork
| Pancakes
Side Bacon
2 Regular
$3.00 each

ubtota).
otal Ta;

  
"
69,"¥
River ViTlage Fani iy Restaurant
22825 Huron Rien Di
Rockwood, MI 4817
(734)236-403

Server: Jasmine & 12/19 8:02 AY

Check #7 Table 23

Apple French Toast 9.09
Coffee 92.29

subtotal $10.28
Tax $0.62
Total $10.90
f
7,99 early bird breakfast special
Nonday- Friday 7am ~ Bam
River village kayaking now open

Sunday-Thursday 7;00am-8:00en
Friday/Saturday 7:00an-3: 0pm
Pay at the cash register
Thank you!!

 
"
70,"G

Montebello, CA 90
(323) 477-1345

1 Ribeye Steak Lunch 10
> med-rare

SUB TOTAL:
Tax:

TOTAL:
>» Ticket #: 32 «

6/28/2019 2:16:34 PM
Jee ee E EEE E Roa da apg apRRPEEOE

10% Gratuity = $1.00
15% Gratuity = $1.50
20% Gratuity = $2.00

JERE SEER ERR EER ES Ea ES OR A

A

 
"
71,"SEO O OOO SOQ OOO OKIOKOOK KIRK IRI III
Trinity Restaurant

190 Jericho Tpke

Floral Park NY 11001

Tel. (616) 358-5584

Order 217510

02/18/17 10:20 PM Check 101244

Table 15 Cust. 2 Server 21 Kelly Bone
SAEHOOOOO OOOO OOOO OOK GIB IKI

1 Quesadilla 11.00
1 Pot Roast 18. 00
1 Fish An Chips 16.00
1 Side Salad 4,00
1 Dft Shock tor 5.50

2 Dft Guiness 15.00

able

Sub-total:

Total Due-

 
"
72,"QHANA HAWATIAN BBQ
4469 SLAUSON AVE

Maywood, CA 90270
(323) 771-9888

: karla Station: 8
Order #: 65193 Dine In
SETTLED
1 1/2 AND 1/2 COMBO 8.45
FRIED SHRIMP
SHORT RIB
1 1/2 AND 1/2 COMBO 7.95
BBQ BEEF
FRIED SHRIMP
2 FOUNTAIN MEDIUM 3.50

Bar Subtotal:
Food Subtotal:
Tax 1:

AMQUNT DUE:

Cash Tendered:

 

CHANGE:

>> Ticket #: 94 <<
Created: 6/1/2013 7:43:46 PM
SETTLED; 6/1/2013 7:44:18 PM

THANK YOU!

 

—————<«
"
73,"SuknayE4949-0 thane 626-585-9580
25S Felt Oaks Ave
Pasetent, a, 1105

Served by: 45/1/2019 2:25:37 px

Term 10-Transe Y/a-237624

 

ze Then Price

  
  
 
  
  
 
  
  

 

$11.93 Ary 2 Flow 1.88

   

‘rea car
eorova No: 05110
flferece Wo: 31212118
Card Tso:

 

feat: Sze
Aeoieatin: bu

 

 
"
74,"“he

Lin Buffet
2988 N. Expressway
Brownsville, TX
Prone See) 600

Hr O270

pate: Feti 24, 2019 Time: 03:22PM
Server: Kenya Judith  # Guest: 1
Bill: 0270

| 2 Weekend Buffet
2 Drink

Subtota |
sSales Tax

deverages 3,98
Food 27.18

Open Time : Feb 24, 2019 03:22PM

 
"
75,"SmokeBoxBBa
2361 Whitney Ave
Hamden, CT 06518

203 909 6545

BER e 39

CASHT
5/22/2014 2 ba: 48 PM
1 FXN DIET BIRCH
1 FULL BOX
SUBTOTAL:
TAX:
SERVER 7#0000074 --
TOTAL:

Cash
Change

 
"
76,"adise Restaurant ~~
W. 190th Street
geles, CA 902480 ©
310-324-4800

 
"
77,"NAANCHING
103 MONTGOMERRY St
JERSEY CITY, NJ 07302

2019840709

ORDER: SECOND FLOOR 19
Dine-in

   
   
    
 

cashier: Kiran

24-Mar-2019 7:14:55P

1 Chicken Lollipop $9.00
Med $0.00

1 Thai Fried Rice $12.00

Vegetables $0.00
Med $0.00

1 Chicken Tikka Masala $16.00
MILD PLEASE
1 Naan $3.00
1 Vegetable Biryani $12.00

MAKE IT MILD PLEASE

1 Mango Lassi $4.00
Subtotal $56.00

Tax $3.71
Service Charge (18.0%) $10.08

Total $69.79

 
"
78,"     

Follow us on Instagram & Facebook
@tayhooak land #tayhooak land
Please help us going Green & Save OUr
resources!

Please ask for Credit Card Receipt
if you'd like one printed for your

record...

 
        
      
    
   

Order# 142750
Table: Table - 7
Date: 2/19/19, 1:20 PM

  

   
    
   
 
    
   
      

- Special Combo Pho $12.95

Total Tax

Order Balance due:

Suggested Gratuity
Tip Total

00% of sale: $2.33 = $16.51
Ie; $2,59 = $16.77
"
79," 
  
      
    
 

   

FALMOUTH RAW BAR

56 Scranton Ave.
Falmouth, MA 02540
(508) 548-7729

Check 5738/1 o7/ozie-a 6:20PM
Guests J Abby Table

1..6 Oysters 19.00
1..Fish and Chips 22.00
3..MONSTAH rol] 114.00
1,.Chicken Wings 12.00
3. .#Patron 28.50
2..*Sparkling Wine 22.00
1..#0pen Liquor 6.00

| patron double
(«Item shown with tax included)

Items 219.81
town/MA tax 15.38

TOTAL 235.19

   

 
"
80," 

Newark Buffet
35201 Newark Blvd. #W Newark CA 94560
510-818-1136
http://www newarkbuffet .com

9:25 PM 36/29/2019

Server: Tim-11

Tab Bl il
any WANE uP PRICE
2 WEEKEND DINNER BUFFET 19.99 39.98

1 WEEKEND DINNER KIDS (3-5Y) 7.99
1 WEEKEND DINNER KIDS (6-10)

10.00

4 SODA DRINK 1.99 (7.96)
1 WEEKEND SENIOR oa a 18.09
SUBTOTAL: “th. 02

Tax (9.75%) : 8.20

92022.

TOTAL:
init

 

 

 
"
81,"Cashier: Tany
02-Mar-2019

Chicken Tort
Horchata
Custom Item

Subtotal
Tax

Total

Order T237THOQOT7RC

50
0.00
00

50.50

$9.00
$0.97

$9.97

Online: https://clover.com/1/T23 7THOQOT7RC

 
"
82,"SURATI FARSAN MART

11814 16TH STREET

ARTESIA, CA 90701
562-860-2310

WH SURATIFARSAN COM

16 Daksh D

Chk 45 a Gst 0

7 Chole Samosa **keT@°GO **#* 805,99
XXXXXXXXXXXXB4OZ

VISA 6.56
FOOD 5,99
TAX 0.57
PAYVENT 6.56

de J 16 Check (C7osed---2-------__
- ap ae Aug08'19 07:34PM-2——---——___

Thank You fier your business
Free ground Siesing onorders

of 7]lbs or_more.
WH. SURATIFARSAN. ‘COM

 
"
83,"ev’ eco
RESTAURANTS, INC

King Taco # 30
Exquisitamente.._
a la Mexicana 1
JO PRRERE REESE REE ORE ER EEE REE ES ESE o bby

1 SOPE ASADA

   
    

CON TODO
COPA $,ROJA
1 TACO ASADA 1.59
CON CEBOLLA
COPA S.ROJA
1 TACO PASTOR 1.59
NO CEBOLLA
COPA S.ROJA
1 QUESADILLA ASADA 4,89
1 ORDEN CHIPS 1.50
Sub/Tt] 12.67
Tax 8.75% 1.11
TO-GO 13.78

ViSA

Acct; XXXXXXXXXXXX63B1
Auth: 042402
Trans ID: 274999

SIT
Cashier 12875 CYNTHIA

Terminal 01 RECIBO # 10368
NUMERO DE ORDEN

11:24pm

zl SHES ert tears tesecateng
Muchas Gracias Por su Visita!
FOE ee ee

 
"
84,"Trattoria sapor ito

328 Washingtonstreet
Hoboken
201-533-1801

TABLE # 4
CHECK# 27273

DEON nek 7/1/2018 5:53:48 PM
SERVER: uae one

STATION:

Item Count: 4

1 STUFFED ARTICHOKEX $18.00

Pe

1 BK FETT AL PORCIN $36.00
| POsTOLETTE/ALLA/PaPe $42.00
‘| Se y HAE W/ GA* $10.50
TE $3.75
| DID ESPESSOF vr
Subtotal’ ae $1 tt: 5
FRAN) TOTAL 90

Opened: 7/1/2018 5:53:48 PM
"
85,"Pita Pita - Lonbard
211 E Roosevelt Rd
Lombard, IL 60148

Phone:
http://eatpitapita.com/default/
Ord #78
To Go
Emp1:Mohammad . 5/4/2017 4:10 PM
20 Mixed Meat Lunch 180.00
1 Reg 12pe Falafel 6.50
1 Reg 12pe Falafel 6.50
1 Miscelanceous 20.00

Subtotal 213.00

Tax 15.92

Total 228.92

Visa 8414 Payment 228.92
Tip

 

P

Total ee
Jennifer 2 ap
"
86," 

Table #2
Trans #: 137017 Serv: Manager 2
4/20/2018 8:29 PM # Cust:4

 
  

    
   
 

1 Shrimp Scampi $27.00
2 Chicken Milanese $46. 00

1 Veal Milanese $27. 00
3 Grey Goose $30. 00
1 Pineapple Juice $3. 00
1 Belvedere $12. 00
1 Becks Non Alcoholic $6. 00
1 Corona $6. 00
1 Comp Item ($12, 00)

TOTAL =:
Amount Due:
"
87," 
"
88,"ert
joovary, Bur eat a9

” — e

Strings
§ gs

$3.29
Net Total: et
TOTAL: “p13. 03

3.98

i $2.99

$13.03

Get FREE Smal] French Fries!
Take our 1-minute survey
Within 72 hours
MOOYAH, com/survey

 
"
89,"    
 
    
  
  
  
     
   
   
   
   
 
  
 

53 PM

#90024

23.00

  

Side Caesar 6.00
Chicken & Rib Combo 29.00
Woodford Reserve (2 @12. 00) 24.00

On the Rocks
Frisee Salad 10. 00
Poached Shrimp Cocktail 17.50
NY Stip 80z 28.00

   

     
    
   
   
   

Complete Subtotal 137.50

 

Subtotal 137. 50

 

Total Tax 5.43

Total 142.93

   

    
    
 

142° 93

   

Balance Due

  
    

THANK YOU
Visit us Online at
www FirepointGril].com

 
"
90,"19
‘tle Hasburger 5.1
me $0.00
Pickles $0.00
Tents $0
Grilled On $0.00
Grilled Hishroons $0
Grilled Mishroors 9
istard %
Ketch =

sm
2
Cheeseburger
‘tay #
Lettuce 2
Plekles
580 Sauce
1 Regul Sade

Sub Total

Seles Tax
Order Total

MasterCard
Cardd: sexsxsexs442031
uthor ization: 728767

> Order Closed <-—

seeaenanesesessenavenscessenesenesss
Don't throw anay your receipt!!!

Help Five Guys and you could win!
‘Log online to wn. fiveguys.con/survey
‘nd fill out @ brief survey!

10 lucky people will win a
Five Guys Gift Card each month
worth $25 each!

urchase necessary
pane 12/31/2017.

ithin 30 days
date to enter.
iveguys.con/survey
‘and how to enter
ing @ purchase or
completing a survey.
Void where prohibited,

SHEE eee roanernenioN

 
"
91,"cITy TASTE
930 WAYNE AVE. #100
SILVER SPRING, MD 20910
TEL:301-585-1111

Dine In
-11-2018 Time: 8:03PM
BOSS
TAB#: A06

No. of Guest : 2

1 Philadelphia Rae

1 13. Shrimp Tempura Roll
[Roll]

1 Rich / Famous Roll

1 16. Spicy Salmon Roll
[Roll

1 Veg / Tofu Pad Thai
Spicy
Amount :
TAX(6%) +

4.25

4.85
4.25

8.95

27.15
1.63

TOTAL: 28.78

THANK YOU VERY MUCH.

 
"
92,"Dine_In

 
"
93,"    

  
 
  
   
 
    

69°8 FW MBQNL € 9#

    

|
1 309
| SaTYd P¥9 93Y
AaIdS <
666 OGHOO ONIN S S# |

G2e8 +# I8AVag OSL#
8102 £S'6p:02 2 NAT NNS “LNO-AxuvO
G80Z-S88- 102

BEGLL
S.4dAdd0d
"
94," 
 
 
  
 
 
 
 
 
  

Pokeatery cv

18911 Lake Chabot _ December 29, 2018
Roag 2:01 PM
Castro Valley CA Ramelie
94546
Receipt: s2cw :

Authorization 060071

   
           

on
CHASE VISA
AID Ao 00 00 00 03 10 10
Poke Box $13.50
Regular, Avocado ($1.00)
Subtotal $13.50
Castro Valley Sales Tax $1.25
Tip $1.48
Visa 0642 (Chip)

  

$16.23
"
95," 
                   

Golden Coin
94-450 Ukee St
Waipahu, HI 96797
(808) 848-0802

Server: Charito St ation: |

Order #: 6879 4 ake out

»> SETTLED ««

1 Pit Lunch 2 Choices 9.79
BBQ
PINAPALTAN

ar Subtotal; 00
od Subtotal: 5.

 
"
96,"223 N. Citrus Ave
Covina, CA 91723
(626) 339-9496

 

Check :208774
Table :BAR9
Server :Ryan
09/25/18 08:44pm
AR

[Seat 1]

? Bohemia $16.00
Tall

1 Albondigas $9.95

1 Mole $16.95

f ee

Subtotal: $42 .90

Tax: $4.08

Sub w/Tax: $46 .98

Total: $46 .98

— ""Thank-You!
seeing you again.”
"
97," 

Drive Thru
1 Burrito Cmb B28
Chk Ranchero Bur
ADD

Avo Slcs
Ind Chips
SM_DRINK
Coke
2 Bur-BRC @ 1.89 308 @
Cash 13.25 J
Food 12.06
Tax 1.06
Payment 12
Change Due 0.13

    
 

senna nan== 257 Check Closed---------==
B= Jun28' 17 05:38PH-—-——--—-
"
98,"N

Mineo!
516

g07 Victor V

  

nh aril
K's Tuscar
449 Mineola Blvd

a Ny 11501
747-2545

www nickstuscangr i] 1 aoa
Minimum Credit/Debit Paymen

 

$20

wtcet2

Mar18’18 10:54AM
Bar
FUSSILLI SP
1 Open Food 22.00
1 Ossobuco 28.00
1 Diet Coke 2.50
1 G 14 Hands Cab 40.00
Subtotal 62.50
Tax 5.39
Total 67.89

Minimum Credit/Debit Payment $20

Thank you for joining u

m LOU

Sc TON
fay.
"
99,"Mexican Restaurant & Bar
25 West San Fernando St.
San Jose, CA 95113
(408) 283-9595

 

 

  

12/29/201
1:17 PH
30001
3.25
Enmoladas with Meat 4.95
chicken Tend a
icken Tender: 95
1 Chicken er a
15.95 |
Subtotal 50.05 '
Tax 5.46 It
\
Total 55.51 |
Gratuity 18.00% 9.01
Total 64.52
Balance Due 64.52

1! Become a friend of us on
FACEBOOK to receive nes of
events & special offers !!

11 THANK YOU FOR COMING !!
"
100,"      

Stony vy
16725 Stony Plain Rd
Edmonton AB TSP 449

Welcome to all day breakfast
@ Me Donald’s

 

 

ITEM
+ 1 Delivery

1,10, HoNuggets, EVM,

| Barbeque Sauce

| Barbeque Sauce

1 L Coke

1M French Fries
HM GrChs S-Fry Yoo

 

1 Snoopy

1 HM Apple Juice
1 6 Cookies

6 Choc Chip Cookie
1 Baked Apple Pie
1L French Fries
1L Iced Tea

Subtotal

GST

Take-Out Total

CREDIT SALES - McDelivery
Change

GST #: 120907092

SALE #04kdFuo532

 

Ik sm

Store#: 3859 Tel#: 780-414-8362

|:

~ ks# 1 03/10/2018 07:39:

12 PH
TOTAL
0.00
10.29
*
0.40

3.99

REGAO SL sind SVT

Wy

430 SIL NEMLASWS

 
"
101,"KAZ RAMEN
22413 BARTON ROAD
GRAND TERRACE, CA 92313
9094229532

RDER: T4G1
DINE IN

Cashier: Mickey
04-Nov-2018 9:07:13P
Guest 1
1 Tonkotsu $9.50
Tofu $0.00
Egg $1.30
Corn $0.50
Bamboo shoots $1.00
Naruto $0.75
Spicy $0.00

Subtotal $13.05
Tax $1.01

Total $14.06

Order 4AW465DFNMVRT

 

 
"
102," 

ma
OM INDIAN FOOD

 

 

 

204 Spring St
New York, NY 10012
(646) 756-4000
(646) 657-0514 (Fax)
TABLE T1
ORDER #2
2 Guests
‘nvalea Pare) ey eng 12:03:14 PM
Manoj
1 Vegetable Biryani $12.95
1 Malai Kofta $12.95,
1 Onion Naan $3.95
SUBTOTAL: $29.85
LUNCH DISCOUNT 50% OFF : -$14.93
TAX: $1.32

TOTAL: $16.24

You have saved : $14.93

 
"
103,"  

 

Cristield seafood
Restaurant
8012 Georgia Ave.
Silver Sting. ""D20910

(301) 589-1306
DENIS
ORDER# 134
Carryout + 8
12/28/2017 8:38:16 PM GUESTS 1
TAKE OUT ,

Dinner Platters
1 Crisfield Special Platter 27.00

 

HK COOK MEDIUM 1K
Extras

1 Pint Bisque 11.50
SUBTOTAL: 38.50
Carry Out 1.93
TAX: 2.31
Register 1#0000144 -----------
TOTAL: $42.74
Last Serviced 12/29/2017 8:41:08 PM

Thanks you!

  

 
"
104,"Don Wan Hexican Restaurant

t Park Ave

  
    

(516) 442-4944

Server: Regina. Station: 4
Order . 28731 Dine ih
Table: GUESTS? 2
2 Red “Sangr' a a Claes. 14, ‘00
1 #4-COMBO FAJITAS 22,95
Flour Tortilla
Chicken
Shrimp
Steak
1 #34-BURRITO SUPREME 14.95
w/ Beef

Bar Subtote?:
Food-Sbtotal:
State:

TOTAL:
>» Ticket #: 23 «

11/6/2013 8;14:53 Pi
THANK YOU! of

  
"
105,"The Place 2 Be
\ 615 Franklin Ave
Hartford, CT 06114
8609047891
https://www.Place2BeCT.com

--- JOIN US FOR BOTTOMLESS BRUNCH ---
------- EVERY SATURDAY & SUNDAY -------
+eeeee» $15 BOTTOMLESS MIMOSAS *++**++*

ORDER: Table 17
Dine-In

    
   
   
 

Cashier: Mariah
17-Feb-2018 9:41:47A

ey
merican Coffee sla,
cue Coconut Pancakes ae
Pe ietsrona, Ste
Subtotal $21.50
An $1.37
Total So?
"
106,"Lan Sheng

209 Pa ;
Wallington >

Tel : 973.773.7100 Fax

[ B2 |
Dine In # 1011

Server: Mary 06/13/17 7
08:38 PM - ©

 
 
 

.
07057 ol
£973.17)

 

   
   
    

Spicy Chicken w. *

c Soy V. 518.95
1 -Hf- Peking Duck ue 95
1 Stir Beef Fillet w. Tofu $12.95
1 Pork w. Spicy Capsicum a 50
1 White Rice (S) ) 95
1 Pork w. Spicy Tofu & Cayen $12.

 

 

 
"
107,"      
    
     
    
    
       
       
       
     
     
       

MIKUNT JAPANESE
4323 Hazel Avenue
Fair Oaks, CA 95628
(916) 961-2112

1070 David 0

Tb] 42/1

  

905
Jul16'17 08:15PM

1 Hojito Pitcher Original w/ 18.00

2 Glass

1 Brussel Sprouts 6.50

1 Pepperfin 14.50

1 Spicy Drm 1 Red 14.50

1 Aerojet 14.95
1 Tommy i595)
2 Cou Toro 19.00
1 Daikon Hamachi 14.50
1 Garlic Salmon 14,00
Subtotal 133.90
Tax 10.38

Total Due 144.28
"
108,"    
 

0 Monge B80
‘6661 stanford Ranch Rd.
Rocklin, CA 95677

On tax 7.254:
Total

cash
‘rendered:
‘change

 
"
109,"Hacienas fale ont 748:
Teles 6555
Table: at (626)937-66°

est
Server: lind 8: 2
Dine In#:43
late:
SQ# Tsar? 18:38:46

[1] Bb wee $4.39
(FR, mild )
Fopcom Chicken
(Spicy , mild )

[11 Pg $6.75
Eraisec Beef flee/Noodle
[1] 99 24 oe $6.25
Cold Noodle With Chicken
(14 A $7.95
Beef Noodles

Amount: $25.34
Tax Rate:(9.00%): $2.28

Sub-Total: $27.62
IP GUIDE-----

18% = $4.56
20% = $5.07

 
"
110,"Chelokababi

1236 S Wolfe Rd Aug 18, 2018
Sunnyvale, CA 94086 6:35 PM
(408) 737-1222 Server
chelokababi.com

————————

Ticket: D2
= FOR HERE

Koobideh x 7
($16.50 each)
Well Done
Very well done

Nan-O-Sabzi $8.95
18% Gratuity “Wan ks ) $22.40
a i
Subtotal $146.85
$13.22

 
"
111,"oda So
carta Here

ANDEt

NGTON A

 
"
112,"    

, =
COLUMBUS RESTAURANT
736 OCEAN DRIVE
MIAMI BEACH, FL 39139
TEL: 786-275-6944

TABLE 94
S GUESTS Gustavo

2 FBD BLUE MARGARI © 55.00 Ht!
4 CHEESE BURGER 44.5)
4 CHICKEN HARSALA
TAX and. SERUICE Detail

TF ARTICLES Tak Total
| SALES TAX 727 = 143.00 = 40.04 153.01
| RESORT TAX2¢ ;

| SERUICE20Z
TOTAL 184. 47
SATURDAY 01-27-2048 03:59PM
Key 42-Haitr: 12-POS 4-BILL O1afy
PLEASE RATE US SO NE CAN BETTER} SpAyp
FOOD: 2g toe) kv
Cie el 2 3 4 5 O18 ay
—— ANBIANCE: = 4 2345 6 1089 NY

   

i
"
113,". Golden Panda Buffet

 

14428 Ramona Blvd. #70

Baldwin Park, CA 91706

Tel: 626-337-5666

Station: 1 6/02/2018 04:18:31 PM

Cashier: 010

invoice 68554 TH hot food
Adult Dinner 2 23.98
Soda 2 3.38
a
Subtotal 27.36
Tax 2.60
Grand Total 29.96

  
 

Amount Tendered 29.96
Debit Card sale 29.96
a

Thank you very much

Order # 152
"
114,"i
lacfource

 
"
115,"Rosebud on Rush
720 North Rush Street

Chicago, Il
312-266-6444

Date: jul15’17 04;07PM

Card Type: Visa

ACCT Mas KXXXXXXAAAKK G4 26

Card entry: SWIPED

Trans Type: PURCHASE

Trans Key: G1G005625257/29

Auth Code: 190275

Check: 1738

Table: 81/1

Server: 226 Chelsea
Subtotal: Diese. 18
ue

TOTAL

SIGNATURE
TH 18 ROSEBUD’S COPY

Thank you!

 
"
116,"     
   

io. 9862 06/08/19

1 P-VILLAGIO BREEZE

| ADD SALAD

| LUNCH SEAFOOD PASTA
| KID PEPERONI PIZZA
] ig ALFREDO

Viléog

Sub-total :

gro

GRILLE

Villaggio Grille
4780 Wharf Parkway
Orange Beach, AL 36561
PHONE: 251-224-6510

11:45 AM
able 14 Cust 3 Server 156 JAMIE

Total Due: 34.12
"
117,"                 
        
     
 
   
   
 
     
   
       
   

JAPANESE, STEAK
em ata as
AGE, CA.
ranch MBPS 524- iri?

Sale
oxxnxnxenencn 79?
\ISA Entry Method: Chip
Amount: $ 158.07
Tip: 1502

 
 

It) ROT,

Ca 7 gBe

w tt trol Co:
tor: Online No bal
4154 YEBIT |
Al; Abonebo—g310410 .
TR: 6 8
1S]: 08°00

CuStOmieP Cap y

  

wa
"
118,"Plain Potato
10 Chives

Total Tteas 3
Tex

PuW Total

Balance Due

How was your visit?
Call us at 888-624-8140

 
"
119," PURCHIOE ny
Panda Evoresg ‘HoM

Brooklyn,
(718) 246- 4698

12/22/2017 4: 58:01 py
Order : 196812

-T0 Go-
Server: Cheryfia M

1 Plate 910
CHOW MEIN-1/2
CHOW MEIN-1/2
BROCCOLI BEEF
BETJING BEEF
la

CHOW MEIN-1/2

Gch MED 1/2

an ING #0 CKN
a NEE Ta CkN

GRI
1 Te a cdi
1 PEPSI 20°, ou ¢

1 PEPSE 20 07
‘SubTotal
TAX

 
"
120,"RED & HOT zl

349 7 AVE, (COL
BROOKLY

TEL-(718)30'

TEL .(718)309-889

NY 11215

Dine In
Date: 10-20-2018 Time: 12:37PM
Server: WAITER1
TAB#: C2
No. of Guest : |
1 Vegetable Roll
oak Roll

1 (L)Veg Spare Ribs .BBS 7.65

WIR
Amount: 21,55
TAX(8.875%): 1.91
TOTAL : 23. 46

q ane you very much.

 
"
121,"    
    
    
     

of Portugal Restaurant
241 Mineola Blyd
Mineola, NY 41501

i -9797

09/10/17 3:28 PM
Table 02

$20.95
$28.95
$16.00

 

$65.90
$5.68
$71.58
"
122,"son Hexican Res

      

Server: IGOR Station: 33

Order #: 18539, Dine
Table: Al Guests
1 SOPA DE TORTILA BOML 5.5
1 TACO SALAD

CHKN
1 HOUSE MARGARITA JUMBO 1
1 Dr Pepper
1 SIDE CHEESE
1 HOUSE MARGARITA JUMBO

SUB TOTAL
Tax 1:

 

   
"
123," 
   

Negr
0 Hart mn Ave
New Orleans, LA 70124
Phone: (504) 488-0107

 

128 Daniel P

To? 90/1 Chk 4650 Gst 1
Aug23'19 12:07PM
*** Memo Check #4

Seat: 1
1 Fajita Vegetable TAS
1 Taco Shrimp Fresh Catch 3 12.00

*DON'T MAKE*

1 Water 0.00
Food 19.75
Tax 2.01
Total 21/6
"
124,"    
   

Firefly American Bistro
5525 New Albany Road West
New Albany, OH 43054

Server: Harry M 12/28/18 7:54 PM
Check #140 Table 24
Malbec Trivento $8.00
Blood Orange Marg $9.00
“Cup Italian Wedding Soup $2.95
Spaghetti Marinara ‘ $17.95
Add One Meatbal]
Add Two Meatbal]
Fettuccine Alfredo $23.95
Add Steak
Smal] Hedge Salad (Dinner) $4.95
Creme Brulee $4.00
Baileys $7.00
rie $77.80

$5.84
$83.64

 
"
125," 

CHATPATA RESTAURANT ING
1683 ROUTE 9
CLIFTON PARK, NY 12065
5182801190

Cashier: Kamal
19-Mar-2019 5:28:12P

1 6.5 Chicken Korma $11.95
1 10.1 Naan (Plain Naan $1.95
1 13.1 Kheer $3.95

Subtotal $17.85
Tax $1.25
Total $19.10

Online: https://clover.com T/KQ23FATONSTOT

Order KQ23F4T9N8T6T

 
"
126,"  
    
    
 
  
 

CAGE

FRENCH CAFE & WINE BAR

O121a Table 3 #Party 2
CHANDA R  SwrCk: 8 1:56p 06/02/15

} 2 SAUV BLANC JB 18.00
11.00

1 VEGGIE SANDWICH
4 QUICHE LORAINE 12.00
Sub Total: 41 .00
OPEN $DISCOUNT xDiscount#: 11.00
T : 1,80
Sub Total: 31 80
GRATUITY 18 eS
06/02 2:44pT OT AL * 39.18

nel
THANK YOU!
PLEASE COME AGAIN!
WINE TASTING 1ST TUESDAY
WE TAKE RESERVATONS
CALL US AT 9§4-565-2
vi, SAGECAFE NET

 
"
127,"  
 

PIZZA HUT
DINE_IN

Ticket #00100

Item Count: 3

 

 

ENTERED BY TABLE #GUEST
MAURICE 56 2
030835 10/25/2018 68:30 PM
01 1 $FiveLU 12.49
Hand toss
Cheese
Pepperoni
02 1 ~~ $FiveLU 7.69
Bone OUT
GarleParm
1 PiTehen ie 13.50
postallad ;
COUPON (F6) 10.18
Subtotal 23,50
Service Fee 0,94
TAX 2.00
26.76

 

  

SEE BACK OF RECEIPT FOR AN OFFER

SEE BACK OF RECEIPT FOR AN OFFER

wan ener ve REULIETT

 
"
128," 
  
 
  
  
  
  
  
 
   
  
 
 
  
  

KAAVERAS

SEN rs ene

KALAVERAS - BELLFLOWER
16530 BELLFLOWER BLVD
BELLFLOWER, CA 90706
5624610599
http://www.kalaveras.com/

ORDER: Bar B11

Cashier: BAR PM
30-Aug-2019 3:24:10P

1 Classic Michelada $12.00
1 Classic Michelada $12.00
1 Don Julio Anejo $15.00
1 Classic Michelada $12.00
1 Balam Madurado $12.00

Subtotal
Tax

Total
Thank you for your visit

NU

83V4QE
order 83V4QQC31PR

 

  
"
129,"HIRO JAPANESE RESTAURANT
3007 NE 163RD STREET
North Miami Beach, FL 33160
(305) 948-3687

Server: HUGO Station: 2

Order #: 209744
Guests: 2

1 (L)Ton Katsu
1 (L) Makimono

SUB TOTAL:

 
"
130,"BOA

SurCk: 1
parate checks:

Sub Total:
Tax:
Sub Total:
12/20 14:29 TOTAL: 47.09

SUGGESTED GRATUITY
18% 8.48
20% 9.42

 
"
131,"IAMBURGERS
SLAUSON MAYWOOD, CA 90270
PHONE 323-588-1607

MC #01
REG CASHIER 11-24-2017 12:13 PM 000072

$0.01
$8.80

$3.66

CRISPY
F FRIES - LRG $3.66

CRISPY
PRIEM MED DRINK $2.15
horchata
CH BURGERSSPEC $7.57
nd onions
EAT-IN
TAXABLE SALES $25.85
TAX $2.46
TL $28.31
CASH $40.00
CG $11.69

ORDER # oO000000052

PLEASE HELP US SERVE YOU BETTER

SERVICE WAS VERY GOOD [ ]
Good = [ ]
POOR [ ]

 
"
132,"VIA EMILIA 9
1120 15TH ST
MIAMI BEACH, FL 33139
7862167150

ORDER: Table 11

Cashier: V.
27-Apr-2017 6:21:59P.

1 Tagliatella al Ragu’

1 Cappellacci Di Zucca

1 Stufato Al Latte Di Ravenna

Subtotal
Tax

Total
‘Order QGVATH3NM28YC.

$14.90
$18.90
$22.90

$56.70
$5.10

$61.80

Show us your review on TripAdvisor or Yelp

and you'll get a free glass of wine!
"
133," 

MOONSTAR REST AURANT

383 GELLERT BLYD., DALY CITY, CA 94015
650- 992- 2888

tab 424 1 18:08 #2184

Qry NAME U/P PRICE
5  FRI-SUN DINNER $29.88 149.40
29.88 50%0FF BIRTHDAY -0.50 ~-14.94
SUBTOTAL: 134. 46
Tax(9%): Va)
Tip Guide:

15k: + 20.17= 166.74
18%; + 24.20: 170.77
20K: + 26.89 173.48

MANTA
"
134,"     
   
   
   
   
 
 

KFC
Restaurant #160014

3880 Hempstead Turnpike
Levittown
(516)735-3508

 
  
       
 
 

Ticket #28684
2016-07-08 9:16 PM
C160014 2 117 2884

Fill Up
Lrg Coleslaw
Lrg Mash/ Gvy
Lrg Mash Only
4 Biscuit

  
  
      
     
 
    

  

1.13
E THRU $21.73
$21.73
$0.00

 
"
135,"rt Pe ae prive

North Ca
hee Beverly Hills, cA 90210

TUE JANUARY a 2018
CHECK #27 470-1
TABLE a

1 ICED TEA $4.50
1 ROMBO CARCIOFI FUNGH $48.00
1 SPARKLING WATER LARG $8.50
1 BRANZINO GRIGLIATO $

1 CARPACCIO RED SNAP!

FOOD
SUB-TOTAL

TAX ‘i
TOTAL

Lok @
Mime: 14.22

  
    
 
 
"
136,"The Shawarma Factory
Apr 10, 2019
12:34 PM
Vince

—_
Ticket: #29 Visa 7286
Authorization 173245

14817 S. Western Ave
Gardena, CA 90249

Receipt O3WE

VISA DEBIT
AID AO 00 00 00 03 10 10
a Foe

Flame Broiled Chicken $11.99

1/2 Chicken, Hummus , House Salad

Subtotal $11.99

Sales Tax $1.14
AO

Total $13.13

fda a ee oaaram

 
"
137,"Navi Teriyaki
27000 Marine Ave #103
Redondo Beach, CA 90278
(310) 973-3500

Server: Annie

Order #: 168479 Phone Order
Customer Name: LEANNE
Guests: 1

>) SETTLED ««

1 Salmon Plate
1 Extra Shrimp

 
"
138,"CASA CHAN RESTAURANT

ORDER: 9
Dine In

jonton or Egg Dro} $3.75

Dinner
Wonton Soup $0.00,

2 @ $2.50/12 oz
Tamal De Pollo
50/each

Subtotal
Tax

Total
Order DAHGRRF9JPM70

Bring back this receipt for 10% off your next

visit! :)

Online: https://clover.com/t/
DMHGRRFSJPM70

{IU NUANNN

 
"
139," 

Ball No. 00027
Bill Time 22:06
Table No. P
Item Name
TANDOORI CHICKEN
MUTTON RAGON JOSH
FISH BIRIYANT

   

 

 

 

 

   

Bill Date 06.07.2027
Persons 02
Wer. No. 8D

 

Rat@mgty Amount
179 1.00 179.00
209 2.00 209.00
229 1.00 229.00
617.00
"
140,"SHAKE SHACK
1450 S. Dixie Highweny

   
  

peg dae silos.
2 = nae on

Pie
ShackBurger %
Smoke Shack 3

cheese fries

REG Soda (2 @2.75)
(2)REG Rootbeer

REG Iced Tea

cH
te
BR

2.2
Subtotal RB:
Tax 4
To Stay Total 25.47
Visa #XXXXXXXXXXXXS197
Auth: 130960
We Tweet .
You Tweet.
We All Tweet.

 
"
141,"MAR YAUATC

Yauatcha
110578007 Kakin

Restaurant
1 Tender Branch Hibiscus 8.00
1 Seafood Puff 10.80
1 Sesame Prawn Toast 11.80
1 Beancurd Prawn Cheung Fun 10.80

1 X0 Scallop Dumpling 8.80
1 Poached Beijing Dumpling 5.80
1 Spinach Dumpling 6.80
1 Tea Smoked Pork Ribs 22.00

Subtotal $84.80
Tax $3.82
Total Due $88 .62

International Market Place
2330 Kalakaua Ave Ste 326
Honolulu, Hawaii 96815
Reservat ions@YauatchaWaikiki .com
Phone: 808-739-9318

**GRATUITY NOT INCLUDED**

 

Pa site panies eras
"
142,"Alue Bear Tavern
2\6 5 {ith Street
(215)922-3427
www bluebeartavern -com

 

Check #; 00225 :
pate; 01/13/2012 10:16 PM Check
Station: Posd
Guests: 1

Servor
rye

\ GrAmini

\ Salami

\ Olives 3
{ Lrg Clams\mussels 14.06
4 Reg Ketel One 52.0
1 House Cab

Sub Total

 
"
143,"Arthurs
231 Washington
Hoboken, NJ 07030
(201) 856-5009

1058 Alexandr

  

Chix 1844 TAB/62
Oct01’17 01:44PM

“thur’s Burger #ChsBleu 13.95
Burger #ehvocado «15.95

 

eS Mec Li als a
Private Rooms
Available for
Your Next Party!

 
"
144,"CHLOES1
81 Ludlow st
New York, NY 10002
Tel 212 677-0067

Check Name: HWANG, HYUN

Server; Bar

Date: 08/03/18
Table: Guests: 1

-[Seat 1] ;
2 HOUSE VODKA
1 HOUSE TEQUILA

Subtotal:

Tax: ;

Sub w/Tax:
Gratuity:
Amt Due:

Visa EMV

 
"
145,"oF MIGUELS MEXICAN —

3035 WW. KENNEDY BLVD
TAMPA

sik
(813) 876 - 2567
127 MISSY

Tb 82/1

    
 
 

3 WATER 0,00

1 CRAB SUIZA 13.25

1 SHRIMP VERACRUZ 14.95
1 ENCHILADA 4.95
1 FAJITA BF 13.95

1 *¥TAKE QUT#® 0.25
4 HH MIGUELS MARGARIT @ 3.38 13.52
Subtotal 60.87
Tax 4.27
05:19PM Total 65.14

PLEASE pay voip ecevER
"
146,"Rihanna's Caribbean Restaurant

12709 BEECHNUT ST STE100
HOUSTON, TX 77072
8328902382

ORDER: 12

Cashier: LeeLee
12-Aug-2018 3:01:40P

1 Curry Chicken
1 Beef Pattie

Subtotal
Tax

Total

Didar BVA React

$10.00
$2.25

$12.25
$1.07

$13.26

 
"
147,"NEW DELHI

TNDIAN
RESTAURANT

#2376, Sisivath Quay, Pinon Pent, Canbodia
Tel: 0969591472

 

  

uonlyélehotaai com

= INVOICE
Ticket No:1740 Date:24-Nov-16
Table No: 5 Time:9:12 PH

QTY PRICE TOTAL

 

House Wine White Glass
VEGETABLE SHORBA
GARLIC. NAAN

KART PAKORA

ANGKOR. BEER WITH MEAL
ANGKOR BEER WITH HEAL

   
 
     

* Thank you for dining with ust *

* We Have Free Hone Delivery! *

 
"
148,"Sonic Anerfea's drive

518 Robertson Boulevard
Walterboro, st 29408
(048-782-4565

 

 

Stall we
96 LoROEN
stl 15/1 hk 689
sunz2'18 07594
Tray: 8
Stall
fee Ind 1 eee
1 onto 6.19
(he Buroer
ld ayo
ad Mast
A Ket
Ned Fries
Med Dr Pepper
1 rea Dog Cosbo 5.09
Nt Doo
ed Tots
Ned Coffee
Tox 119) Total Dues 13.0
aves Al] beet
sutotal el
i 18
(06;000H Total Our: 13.07
You Saved, 1.08

 

 
"
149,"pine In
penny’s Restaurant #8129
160 Fastern Boulevard
Canandaigua, NY 14424
(585) 394-4880

 

   

fate)
8/30/2015 11:00:11 PM
Order: 429742 Server: Bethany F
Table: 12 Guests: 2
1 No Beverage 0,00
1 No Beverage 0.00
1 Milk Shake 3.99
Shake Choc
SubTotal 3.99
Tax 0.30
Gratuity 1.00

Total 5.29
"
150,"  
         
   
   

 

Zia

D6 woooreD Res 2**"",

SPRIS 7
5.96 AHOUNT 0 80.45

  

fe WANT TO HEAR YouR FEEDBACK
peeASE CONTACT 1-877-672- ragy
OR CUSTOMERSERVICE@HASHOSY ‘Coy

10 SHARE YouR EXPERTENCE

STOREID: sweraca:
"
151," 

 

Collector's Choice Restaurant
215 Cypress Ave
onohomish WA G8B290
360-568-1277

April 10, 2019 12:00pm
licket: 1904100085

Server: Cheryl] V
Seat: Dining: 18: |

  
   
   
  
   
   
 
  

Price

Item

1 Twisted Rueben 11.691

Subtotal 11. 62
1 Service Fee (~-6%) hen

Sales Tax (9. 2%)

Total $13.53

Tip Helper:
15%=2. 03 18%=2.44 20%-2. 11

Starting January 25th, 2019
CCR includes a 6% service charge on each
guest check.

This service charge 1s fully retained by

the company, not the servers. It will be

used 100% to provide fair wages for our

kitchen staff with equitable pay and

benefits to our entire team.
We are required by law to collect tax on
the service charge.

Please Continue Tipping your Server

Thank you for your continuing supr
can

Receive a 3% Discount for payin
Ce

 
"
152,"KALOOKI'S
03/14/2018 6:12 PM.
5300
Denise
Unit Price
Chicken Fingers 8.00 8.00
Spley shrimp 20.00 20.00
Steamed Fish Lg 25.00 25.09
Bottled Water 2.00 4.00
Subtotal 37.00
5.70
$62.70

Service Charge 1
Total

Thank

Kalook''s
Bay Road, Blue Hille

91649 Providenclates
esoas2a388

 
"
153,"Gordon
Paris Las Vegas

 

    

Gord
Check: 2042967 Table: T-35
Server: Lonberto Guests: 2

Terainal

 

 
 

Regular
1 Pina's Cup 14,00
2 The Orifter 28,00

6 14,00
1 Kobe Beef S1ider 18.00
1 New York 63.00
1 Aner Kobe Filet 79.00
1 Lobster Tail 36.00
1 Potato Puree 12.00

1 Grlld Asparagus 13.00
1 Peppercorn 6.00

1 Pepsi 6.00

1 Choc Pot De Cren 13.00

Subtotal 290,00
Tax 23.49

_— Total 313.49
"
154,"  
   
    
  
    
     
    
 
  
 
 
 
  
  
  
    
    
  

Server: Isabe]

Order #: 320502
Table: 16

6 TAP BEER 10-HH
Modelo Tap.

2 Manzanita Sol

1 Tamarindo

1 Sprite

1 Thur. 2 Cock Shrimp

2 Whole Fish
Tilapia Wh)
Fried

1 2 tes Governador
> plan ,fries

1 French Fries

1 Taco DE Asada

> plain,papas

SUB TOTAL:

Tax 1:
Tax 2:

LNT DUE:

Via Mar Restaurant

4105 Maine Ave
Baldwin park, ca 91706
626) 939-9019

9/6/2018

EERE EAA
yniir cerver

station: |

pine In
quests:

9.54

50
25
2.18
11.95
21,90

 
"
155,"Teo} a771185
‘arcooterreshtte,Ye/oasson

40006 char te

1b 15/1 Gx isi kt 2
Station 1 Feb"" 19 212

1 802 F11 Bearn 8

1 Gaz FA Au Po 55

1 Onion Ring 4.55

T Harioots Vert 48
1 Choc Truf Cake

8.95
1 Lunta 33,00

Balance Oue 129.75

 
"
156," 
"
157," 

Thank You
"
158,"Te mia
MITASU JAPANESE RESTAURANT SDN BHD
B-01,CENTRAL PLAZA,
34, JALAN SULTAN ISMAIL,
0250 KUALA LUNPUR
TEL 03-2110 2833
(GST Reg. No : 001774428180)
Tax Invoice
Table D2
Bi11#;V001~-201060 Odr No: 199535

Date ; 29-06-2018 19:59:15

  
 
 
 
 
 
 
 
  
 

       
 

 

Pax(s,

 

‘Subtotal:

Sery. Charge (10%):
GST Payable (0%):
Total:
TOTAL:

     

29-06-2018 21:52:03
780.45

 
"
159," 

Drive Thru Total

Change

  
"
160,"of ‘ee

Angela's Pizza Restaurant
12247 Sheridan St
Cooper Cityb, FL 33026
(954) 893-2000

   
  
 
 
 
    
   

Server: Melina Station: 2

Order #: 4876 Dine In
Table: 1 Guests: 4

1 Sprite 2a50)
1 Chicken Caesar Salad 8.95
1 Chefs Special 19.95
> Chefs Special
Soup of Day
Bar Subtotal: 0.00
Food Subtotal: 31.45
Tax 1: 1.89

 

TOL: $33.34
» Ticket #: 56 «

7/10/2017 9:32:06 PM
THANK YOU!

TMU

 
"
161,"      
     
       
        

   

Sub Tosser 50.
Sales fax > 2

Check Total $ 5
Aditi tip=—
Tota’ Charge:

13% tip is 7,57
18% tip is 9.09
20% tip is 10.10
22h tip is 11.11

rare

'

   

   

Thank you for Coming
Gracias por sy Visita
"
162,"Junipel & IVY
2228 Kettner Blvd
gan Diego» cA 92101

1045 ORO cuncen= ss
qb) 71/1 chk #530 get 4
got06' 16 07:08PM
pine In 3
1 BUCATIN i 00
1 RAVIOLO 18.9
1 BT TURNBULL NAPA 90.00
1 HALIBUT 36.00
1 YODEL 12.00
1 WILK & HONEY 10.00
1 COFFEE SM 6.00
1 GL ROUND POND SB 13,00
1 OCTOPUS 16.00
1 BEEF TARTARE 12.00

A

{ FINLANDIA (WELL) $MARTINE 11,00
4 HALIBUT 38.00

1 SNAPPER aa
acne 309.00

aX ‘
09:19PH Total 24.72

333.72

 
"
163,"BEN’S BAYSIDE
211-37 26th Avenue
Bayside, NY 11360
Phone: (718)229-2967

Enail: BaysidetBensbeli net

 

 

0032

  

DINING ROOM

   

2 DOUBLE DIP,
1 past, bowl barley

1 KNISH

1 ROUND

1 KASHE SIDE

1 COFFEE

2 WATER

 

Sub Total 7
Tax 2 $F
03/05 12:41 TOTAL: 41.32

 

Suggested Gratuity
GRAT 15k 5.69
RRAT 12% Rg RO
"
164,"' fe
OIcien
DECAL
Cate
East Hampton, NY
(631) 329-1600
Fax (631) 329-1648

wn .goldenpearcafe.com
‘Augo6’15 11:01AM

Visa
XXXXXXAXMANK 1773
XX

Auth Code:
Check:

Check ID:
Server: § Karina

Subtotal: 22..g0

———__——
Total i a
Signature___ Sl

T agree to pay above total
according to my card issuer

agreement
Customer
Copy

 
"
165,"12°16

Home Delivry

64.00

1 Delivery Oharae 5.00

‘Amount: Due 117.00

‘s##Thank You For Coningtst
Hone Delivery No:600561112

 
"
166,"PAPPADEAU X

SEAFOOD KITCHEN

Pappadeaux Seafood Kitchen (612)
7800 Airport Blvd (HOU)
Houston, Tx 77061
(713) 847-7622

0089 Table 7 #Party 2
DANIEL 0 = SvrCk: 7 12:46 01/07/17

DINE IN
1 Side Craw Etouffee 4oz 10.98
= 1 Pan Seared Tilapia 2.99
J 2 Tea 5.98
Sub Total: 38.95
Tax: Brel
Sub Total: 42.16

01/07 13:29 TOTAL: 42.16
i Thank you for dining at Pappadeaux!
Tip Not Included
15% ;

| 20%

 
"
167,"$3.00

 
"
168,"CARL’S JR
Restaurant 1100580
11961 Beach Blvd.
Stanton, CA 90680
! (714)895-5114
9/27/2017 12:13:06 PH
Order 375719 Cashier: Alvaro I

1 Box #1 0.00

1 All Star Meal #1 1,00
Dbl Chbgr 0,00
Hot Dog 0.00
Baked Cookie 0.00
Lg Fries 3.00
Lg Bev Bar 3.00

SubTotal]
Tax

Total
Cash
Change

"" To Go
Thank you for visiting!

“Tidet 15

 
"
169,"Delmonico'
7 Srenkhouse =

1883 CENTRAL AVE
ALBANY, NY 12206
(618) 486-5656,

   
  
  
  

Server: Sarah 09/22/2018
Table 57/1 9:26 PM
#70056
Daca offi} nite

6 Itens

   

Not Included

Ne ena
"
170,"  

Buca di Beppo
Store#0511
Universal City, CA 91608
818.509.9463

 
  

  
 
   
     

Server: Molly 07/15/2016
Table 53/1 7:57 PM
Guests: 3 40020
Order Type: Dining

        
  
 

   

     
 
 
 
 
 
 
 
 
 
 
 
   
  
  

ose PS S8ee

4. >
Iced Tea 329 Sheresa
Sn Garlic Bread 9.99) =
Soz Buca Chianti (2 614.00) 28.00 SS
G] Buca Chianti 10,00
$m Chop Antipasto Salad 18,99
Lg Supremo Pizza 29.99

SERRE EE SESE Hca sense
We value your opinion.

Visit bucafeedback.com to complete

a brief survey and enter our weekly
drawing for a chance to win a

$100 digital promotional certificate.
See bucadibeppo.com/buca-feedback-rules
for Official Rules and restrictions.

091 257 000051115

 

a ae Ip
PREREESEREASEESE TASS SS ESS FREE E REESE asta! s
* for Your
a
100.26 ara.
9.02 too)
109,28 ""70Aaa,..
; Say,
Be Due 109.28 ae f
"
171,"DATE AND TIKE — PAX TABLE
266 09/12/2012 4:14 PH 6 SZ
CASHIER scasHier
WATER :walTER

Oty Henu Itea

2 FRENCH FRIES
1 OPEN FOOD

1.00 HANESH SAS
1 PANE!

VAT NO : 278
SSEATHANK

 
"
172,"   

\ Station: 10

Guests: 1
e 3.99
TM: $11.5

» Tioket #7 «
12/2/2019 11:48: 23/44
THANK

 
"
173,"Tab le

23 PM

ied Hate!
id Pollo Taco

1 Add Carnitas Taco

1 Sour Crean

1 Chihuahua Cheese

MPEA Tax
Restaurant.

Food:
Be

n
A Robinson Hill Company.

It's The ExpeRHience That Counts!
Tell us about your visit!
Ww), robinsonht | Jusa, eom/auest=si

 
"
174,"   

  

ipanema

Brazilian Steak House

 

2023 South Pine Avenue 6
Ocala, Florida 34471
(352) 622-174)

Date: 04/13/18 Time: 09:16 pm

Order #: 415

 

$41.95
so) ee ae $41.95
Gratuity: $10.49
Tax: $2.94
Total: $55.38
Pay This Anount:
Recommended Gratuity;
ON = $8.39 23h = $9.65 25 = $10.49
Tay

  

Please Cone icin
HEH)
"
175,"Bar Louie Huntsville
365 The Bridge St. ,Suitel
Huntsviite, AL, 35866

Server: 07/03/2015
Cashier:

143/2 4:42 PM
Guests: 1 20111
Reprint #: 1

Whiskey 6325
Subtota | 6.2
Tax 1.3]
Total 1256
CASH 10.00
Change Patil

Thank you for visiting us!
Ask us about hosting
your party or private event
at Bar Louie Huntsville!
Eat, Drink, Be Happy!
huntsvil le@bar loujeamerica.com

--- Check Closed ---
"
176,"      

HEDLEYS
640 N ROBERTSON BLVD
west HOLLYWOOD CA 90069
310-659-2009

01528251

  
"
177,"E1 Charro Cafe Ventana
6910 E SUNRISE DR

 

06/24/

  
  
 
 
 
 
 

Server: Ana

Table 24/1 8:00 PM
Guests: 2
#30076
Coors Light 5.00
Ice Tea 3.2
Shrimp Fajita 18.95
Stuffed Chicken 17.95
Subtotal 45.15
Tax 215
Total 47,0

Balance Due aU)

 
"
178," 
  
 

  
   
  
  
 
 
 
    
 

3008 BAR PM B

 

chk 7862 van2t‘17 0
1 FREEBIRO

 

1 IGE CREAM

1 LONESTAR
ORIGINAL TTL 11,00
TAX 0.91
09:38PM TOTAL esd

Follow us @gourdoughspud on
Facebook or Twitter for the
Jatest and greatest specials!
"
179,"FourthStreetMill
2124 BONITA AVENUE
LA VERNE, CA 91750

(909) 596-1564

   
  
  
  
  
  
  
  
   
   
   
  

Dine In a
Server: Chris D. Sep 29, 2018 =
Receipt: 4J33 5:38 PM
Table: PS
a
Item(s)
Lamb Burger $13.00
NO Goat Cheese
NO Bread
- Medium
Sauce On Side
Kids Grilled Cheese $5.00
Kids Fries $3.00
Sweet Potato Fries $8.00
Kids Cheeseburger $7.00.
- NO Ketchup
- No bun
Sub sourdough
Beef Burger $10.00
~- Medium Rare
Sides $3.50

- Bacon (2) Slices

   

ee ee
Subtotal $49.50

Sales Tax (Incl. 9.5%) $4.70
Total $54.20

ee he,
"
180," 

   

can seasoning
ines or ce 8

 

subtotal ft
a ore
ime Pie, Car Total Paid 12.03

   

state Tax oa
6, Check Ck
"
181,"“ONT.

98° 6EV
99° Se ae Xv
oor WwLoLans
00° v2 {39 2409 9
Qs’ S2 Gul[yeds SSOA &
00°91 yoeutds paaynes |
Os’ sBuly Wold |
gg'St snBesedsy |
og'ol 038}0q payed |
oc'ot Jamo ye pNed |
0S°69 uy auog afaqly |
i 00°Z1Z 2091 dt} >
ut euld

 

ne
= «S89 1901 44D t/ore LOL

 

* yeyyaqey SLL

  

seo|sauy
0z98# S,00STYd
"
182,"4
svevereeerernesneneaaeesettH HF

Finnegan’s Way Check 822819
1344 Ocean Drive

Miami Beach Florida 33139
Tel. 305-672-7747

 

08/21/17 8:38 PH

Table 16 Cust 1

Waiter 86 IRYNA

EMEA AEREERE FHT EEEEEE EFL

4 SOBE MOUITO’S 40.00
BACAROL LIGHT

Taxable:

Sub-total:

Sales Tax 7%:
Resort tan. 2%;
Total

Voluntary 188 Tip:

 

3.
feel free to adjust or renove
tip anount at your discret ion

al 50.80
"
183," 

74 Hah “i9 W.

18621
512-268-9840 of £12-P95-2950
ie 5/Na81§

B Il 11248 AH
Subtotal 8.99
Sales Tax 0.74
Processing Fee 0.21
TOTAL 10.00
BALANCE DUE 10.00

Processing fee will be removed

if the check is paid in cash.
NG Ura GHRGOnARATiie (ini:
"
184,"PREFER ERAERRREREKEREEEE ER EREL EERE EEEEEEEEK OO
O193 Table 54 #Party 2

WILLIAM L  SvrCk: 10 §:07p 03/22/13
DINING ROOM ”

TS MAIN DINING

| BEEFEATER-MART INI 11.50
1 ROSEMARY CAIPIRINHA 13.00
1 CRABCAKES 17.00
1 BLACK PEPPER BACON 12.00
1 Millenium 2# 52.00
1 NY SIRLOIN 46 .00
1 BRUSSEL SPROUTS 13.00
| ESPRESSO 4.50
1 LAUREN’S HAZELNUT TORTE 5.00

Sub Total: 176.00

Tax » 15.95

Sub Total: 193.35

03/22 9:54pTOTAL : 193.35

OEE ee | a eee 2 ee oR
"
185,"JT's Diner
37011 Cook Street
(760) 797-2100

Server: Braulio
102/1
Guests: 2

Coffee (2 @2.95)

Two Eggs Any Style
Whole-Wheat Pancakes
Hawaiian Sausage

Subtotal
Tax

_ Total

 

02/12/2016
10:28 AM
50022

5.90
6.95
8.95
4.50

26 .30
2010

28.40
"
186,"rrimo

Family Restaurant

  
   
 

      

Sales Tex

Total

 
"
187,"SSS

Spiral Diner « Bakery
608 E Hickory St
Denton, TX 76205

    
  
   
   
   
   
  
  
 

Order# 185736
Eat In Order
Server: Sarah &
9

   
  
  
  

Real Smooth

 

Short Stack oa
Coffee $2.99
Breakfast Quesadilla $13.99
NO Sausage +80 00
Grilled Spinach +$1 99
Southern Comfort $10.99
Subtota]) 337s aes $46 54
Total Tax: $3.04
Total: $90 38
Order Balance due: $50.38
www.spiraldiner .com
Follow Us On
"
188,"New China
a0 North Hil Ra.sulel”~ 102
sa, AZ 85205
rejiqborio 9886/9892

Walk In
Dale: 03-12-2016 Time: 4:02PM #23_
30S

 

 

 

 

~ 1 Beefw. Broccoli 8.25

w. Chicken Fried Rice 2,00
1 Sweet / Sour Chicken 7.95
1 Chicken Chow Mein 675

Amount: 24.95
TAX(8.05%): 2.01
TOTAL: 26.96

Thank you very much

 
"
189,"A
MIGUELS Mex
‘95 KENNEDY BLVD.
TAA FL.
(613) 876 - 2567

187 MEGAN F
Tol ai

    
   
   
    

  

 

DINE IN
2 NaTER

4 ENGH VERDE
1 ENCH HANEL

‘Subtotal

 
"
190,"2 aS >

Rie]

Pe tg
nd

poeta

Bombay Grill House
764 9TH AVE
NEW YORK, NY 10019
2129771010

Any Special Offer will be at End of Receipt

ORDER: Table 2
Dine In
30-Jun-2018 10:36:38P

Transaction 104379
1 Onion Bhajia $5.95
1 Lamb Vindaloo $14.95

medium

Konkan Fish Curry $16.95
medium

Shrimp Briyani $16.95
medium

Garlic Naan $4.00
Hess Cabernet $50.00

Subtotal $108.80
Tax $9.66

Total $118.46

CREDIT CARD AUTH $118.46
MASTERCARD 0148

Tip

Znu—

CnowiIN Al EXANDER

 
"
191,"MOD Pizza

26902 9nd AVE NH
suite A
‘Stanwood, WA 98292
Phone 360.205.9680
9/19/2019 4:06:54 PM
Order Td: AABTSHNGACCM

#77 -

Draft Beer (2 ¢ 4.97)
untain Drink (1602)

jzza

 
"
192,
193,"   

 

111590 Becky

Toi 2/1

 
    

PM

1
1 NO_BEVERAC 0
1 SOFT DRINK 2.79
BOAY CLUB $5 5.00-
Subtotal 7.77
Tax 1.42
07:10PM Total 19.19

Tone 'a whole piet

 
"
194,"2 Dare Se
vmectabie #20
este“

78 oasis Ute
1 vies Sut
1 Reso
} SeLLeTs ro
1 FSH OES,
eo URE

: BAR RUA
@BARRUADUB
7 TRIPADVISOR

Twitter
REVIEW

<-REPRINTED-?

 
"
195,"Amici Conyers

1805 Parker RD Suite @110
1805 Parker Rp
(878) 890-2005

Server: Nicole 08/10,
Table 52/1 i we
Guests: 2 000,
Seat 1

jpabeRR RRR EERO REEEEEEEE Deer

  
     
   
   
  
   
 

Coke :
Margherita Caizcne 2,29

    

11.99
Side Caesar 4.99
Subtctal 19.27
Tax 1.35
Total 20.62

Seat 2
eee ebe bbb a EI EI SORIA OE ERO
Coke 2.29
Db] Stack Cheeseturger 8.99
Bacon 0.99
Subtctal 12,27
Tax 0.86
Tctal 13.13
Subtotal 31.54
Tax 2.21
Total 33.75
Balance Due g3.75

k you for dining with us!
GLESTED GRATUITY:

 

 
"
196,"NAMES CHARES

CHECKE 7128.1
Closed to Credit Cara

DATE/TIME: 12/31 x
SHTE/TINES 2/31/2018 6:06:02 PH
STATION: OF

eee Gate

So happy about your visit!

 

   

 

SAL $20.00
CHICKEN (MURGH)
1 jenn fae $18.00
(CHEESE)
1 VEGAN FECA BHARTAS $17.00
Subtotal $35.00
3.30.
Total 880

Total before tip:

 

 

Tip amount
"
197," 

BAR RISTORANTE
STABILINENTO HARIN ETERHALE
SAN HONTANO S.R:t
urn s,yonmato — cceo ANen, CH
paRTITA Tua 00200430635

EURO
2 x 0.50

Gassoi e Stoviglic 1.00
2°5 5.00

flacedonia 10.00
Insalata Negonbo 40.00
Bufala 5/00
Pomodorini 4.00
Nat 1/2 It coo

TOTALE € 34,00

CONTANTE

REG. 001 OPER. 1
28-08-2018 12:41

SCONTRINO FISCALE N. 82

oe 1 45400311

 
"
198," 

stk Mia
Collins Ave

wiant, FL 33140

100 SERVER

103/1 4959 6ST

25aug17 8:03PM

 

suggested or
are shown below
BS gratuity $25.56
20% gratuity $28.40
22% gratuity $31.2

 
"
199,"aes vet Saat 9
West Helles, ck S008
Het 310-270-4655

way om

12

 

Total Due
"
